<?xml version="1.0" encoding="utf-8"?>
<extension type="component" version="3.2" method="upgrade">
    <name>COM_DKQMAKER</name>
    <creationDate>April 2018</creationDate>
    <author>Felix Wackernagel</author>
    <authorEmail>dkq@felixwackernagel.de</authorEmail>
    <authorUrl>http://www.felixwackernagel.de</authorUrl>
    <copyright>Copyright (C) 2018. All rights reserved.</copyright>
    <license>Apache License 2.0</license>
    <version>0.0.10</version>
    <description>COM_DKQMAKER_DESCRIPTION</description>
    <install>
        <sql>
            <file driver="mysql" charset="utf8">sql/install.mysql.utf8.sql</file>
        </sql>
    </install>
    <uninstall>
        <sql>
            <file driver="mysql" charset="utf8">sql/uninstall.mysql.utf8.sql</file>
        </sql>
    </uninstall>
    <update>
        <schemas>
            <schemapath type="mysql">sql/updates/mysql/</schemapath>
        </schemas>
    </update>

    <files folder="site">
        <filename>index.html</filename>
        <filename>dkqmaker.php</filename>
        <filename>controller.php</filename>
        <filename>router.php</filename>
        <folder>language</folder>
        <folder>views</folder>
    </files>
    <languages folder="site">
        <language tag="de-DE">language/de-DE/de-DE.com_dkqmaker.ini</language>
        <language tag="en-GB">language/en-GB/en-GB.com_dkqmaker.ini</language>
    </languages>

    <administration>
        <menu link='index.php?option=com_dkqmaker'>COM_DKQMAKER_MENU</menu>
        <submenu>
            <!--
                Note that all & must be escaped to &amp; for the file to be valid
                XML and be parsed by the installer
            -->
            <menu
                    link="option=com_dkqmaker&amp;view=quizzes"
                    view="quizzes"
                    alt="DKQ Maker/Quizzes"
            >
                COM_DKQMAKER_MENU_QUIZZES
            </menu>
            <menu
                    link="option=com_dkqmaker&amp;view=questions"
                    view="questions"
                    alt="DKQ Maker/Questions"
            >
                COM_DKQMAKER_MENU_QUESTIONS
            </menu>
            <menu
                    link="option=com_dkqmaker&amp;view=messages"
                    view="messages"
                    alt="DKQ Maker/Messages"
            >
                COM_DKQMAKER_MENU_MESSAGES
            </menu>
            <menu
                    link="option=com_dkqmaker&amp;view=quizzers"
                    view="quizzers"
                    alt="DKQ Maker/Quizzers"
            >
                COM_DKQMAKER_MENU_QUIZZERS
            </menu>
        </submenu>
        <files folder="admin">
            <filename>index.html</filename>
            <filename>dkqmaker.php</filename>
            <filename>controller.php</filename>
            <filename>config.xml</filename>
            <folder>controllers</folder>
            <folder>helpers</folder>
            <folder>language</folder>
            <folder>models</folder>
            <folder>sql</folder>
            <folder>tables</folder>
            <folder>views</folder>
        </files>
        <languages folder="admin">
            <language tag="de-DE">language/de-DE/de-DE.com_dkqmaker.ini</language>
            <language tag="de-DE">language/de-DE/de-DE.com_dkqmaker.sys.ini</language>
            <language tag="en-GB">language/en-GB/en-GB.com_dkqmaker.ini</language>
            <language tag="en-GB">language/en-GB/en-GB.com_dkqmaker.sys.ini</language>
        </languages>
    </administration>
</extension>
